ID,Name,Typ,Core-Typ,Hersteller,Publisher,Gruppe,Gruppiert,Generierungsart,Quelldatei,Reviewer_1,Reviewer_2,Reviewer_3,Reviewer_4,Reviewer_5,Reviewer_6,Reviewer_7,Reviewer_8,Reviewer_9,Reviewer_10
BCK-TC-BINPICK-CTRL-001,Beckhoff TwinCAT Bin Picking Robot Controller,robotController,Component,Beckhoff,Beckhoff Automation GmbH & Co. KG,,Nein,UI,model_0001.json,,,,,,,,,,
BECK-CART-QI-2024-001,Beckhoff Cartesian Robot System for Electronics Quality Inspection,cartesian,Component,Beckhoff,Beckhoff Automation GmbH & Co. KG,,Nein,LLM,model_0002.json,,,,,,,,,,
ST-CST-MT-2024-001,Staubli Cutting Separation Tool for Machine Tending,cuttingSeparationTool,Component,Stäubli,Stäubli International AG,,Nein,LLM,model_0008.json,,,,,,,,,,
RA-CYL-MDT-2024-001,Rockwell Automation Cylindrical Robot for Medical Device Machine Tending,cylindrical,Component,Rockwell Automation,Rockwell Automation,,Nein,LLM,model_0014.json,,,,,,,,,,
ST-FTS-MF-PNP-001,Staubli Force Torque Sensor for Metal Fabrication Pick-and-Place Applications,forceTorqueSensor,Component,Staubli,Staubli International AG,,Nein,LLM,model_0022.json,,,,,,,,,,
UR-CYL-MED-ASSEM-001,Universal Robots Cylindrical Robot Assembly System for Medical Devices,cylindrical,Component,Universal Robots,Universal Robots A/S,,Nein,LLM,model_0023.json,,,,,,,,,,
TM-WELD-PHARMA-001,Techman Robot Arc Welding Tool for Pharmaceutical Applications,weldingTool,Component,Techman Robot,Techman Robot,,Nein,LLM,model_0024.json,,,,,,,,,,
SCH-AERO-SAT-001,Schunk GmbH Screwing Assembly Tool for Aerospace Arc Welding Applications,screwingAssemblyTool,Component,Schunk GmbH,Schunk GmbH,,Nein,UI,model_0025.json,,,,,,,,,,
BECKHOFF-BIN-PICKING-SERVICE-2024,Beckhoff Bin Picking Automation Service,Service,Service,,Beckhoff Automation GmbH & Co. KG,,Nein,UI,model_0026.json,,,,,,,,,,
ME-HXP-BP-2024-001,Mitsubishi Electric Hexapod Bin Picking System,hexapod,Component,Mitsubishi Electric,Mitsubishi Electric Corporation,,Nein,LLM,model_0027.json,,,,,,,,,,
IFM-FTS-AERO-BP-001,IFM Electronic Force/Torque Sensor for Aerospace Bin Picking,forceTorqueSensor,Component,IFM Electronic,IFM Electronic GmbH,,Nein,LLM,model_0028.json,,,,,,,,,,
KEY-CART-MT-2024-001,Keyence Cartesian Robot System for Electronics Machine Tending,cartesian,Component,Keyence,Keyence Corporation,,Nein,LLM,model_0029.json,,,,,,,,,,
YM-AMR-PLT-MF-2024-001,Yaskawa Motoman AMR Palletizing System for Metal Fabrication,amr,Component,Yaskawa Motoman,Yaskawa Motoman,,Nein,LLM,model_0030.json,,,,,,,,,,
EPS-MED-TRANS-SIM-DT-2024-001,Epson Robotics Medical Transport Simulation Digital Twin,simulationDigitalTwinSoftware,Service,,Epson Robotics,,Nein,LLM,model_0031.json,,,,,,,,,,
STB-PLTZ-ANL-2024-V1,Staubli Palletizing Analytics Suite,aiAnalyticsSoftware,Service,,Staubli International AG,,Nein,UI,model_0032.json,,,,,,,,,,
TM5-900-AUTO-PACK-001,Techman Robot Controller TM5-900 for Automotive Packing Applications,robotController,Component,Techman Robot,Techman Robot Inc.,,Nein,Manuell,model_0037.json,,,,,,,,,,
IFM-WT-REN-2024-001,IFM Electronic Welding Tool for Renewable Energy Material Transport,weldingTool,Component,IFM Electronic,IFM Electronic GmbH,,Nein,Manuell,model_0038.json,,,,,,,,,,
UR-PLC-BP-AERO-001,Universal Robots PLC Bin Picking Controller,plc,Component,Universal Robots,Universal Robots A/S,,Nein,UI,model_0039.json,,,,,,,,,,
RA-PHARMA-SW-AI-ANALYTICS-001,Rockwell Automation AI Analytics Software for Pharmaceutical Spot Welding,aiAnalyticsSoftware,Service,,Rockwell Automation,,Nein,LLM,model_0047.json,,,,,,,,,,
SICK-VS-ATMT-2024-001,SICK AG Vision Sensor for Automotive Material Transport,visionSensor,Component,SICK AG,SICK AG,,Nein,UI,model_0048.json,,,,,,,,,,
SCH-ARCWELD-SVC-2024,Schunk Arc Welding Service for Electronics Manufacturing,Service,Service,,Schunk GmbH,,Nein,Manuell,model_0049.json,,,,,,,,,,
SICK-AMR-SW-2024-001,SICK AG AMR Spot Welding System,amr,Component,SICK AG,SICK AG,,Nein,LLM,model_0050.json,,,,,,,,,,
UR-CART-AERO-BP-001,Universal Robots Aerospace Bin Picking Cartesian Robot System,cartesian,Component,Universal Robots,Universal Robots A/S,,Nein,LLM,model_0054.json,,,,,,,,,,
IFM-MIT-001,IFM Electronic Measuring and Inspection Tool for Machine Tending,measuringInspectionTool,Component,IFM Electronic,IFM Electronic GmbH,,Nein,UI,model_0055.json,,,,,,,,,,
SCH-CART-LOG-2024-001,Schunk GmbH Cartesian Robot System for Material Transport,cartesian,Component,Schunk GmbH,Schunk GmbH,,Nein,LLM,model_0056.json,,,,,,,,,,
WAGO-LIDAR-REN-ASSY-001,WAGO LiDAR Sensor for Renewable Energy Assembly,lidarSensor,Component,WAGO,WAGO GmbH & Co. KG,,Nein,LLM,model_0057.json,,,,,,,,,,
IFM-GT-MED-2024-001,IFM Electronic Gripper Tool for Medical Device Material Transport,gripperTool,Component,IFM Electronic,IFM Electronic GmbH,,Nein,LLM,model_0058.json,,,,,,,,,,
KEY-PLT-PLASTICS-2024-001,Keyence Palletizing Automation Dataset for Plastics Processing,Dataset,Dataset,,Keyence Corporation,,Nein,UI,model_0059.json,,,,,,,,,,
OMRON-GPFT-ELEC-PACK-001,Omron Grinding/Polishing/Finishing Tool for Electronics Packing,grindingPolishingFinishingTool,Component,Omron,Omron Corporation,,Nein,LLM,model_0060.json,,,,,,,,,,
ABB-AMR-MT-AERO-001,ABB Robotics AMR Material Transport System for Aerospace Applications,amr,Component,ABB Robotics,ABB Robotics,,Nein,LLM,model_0064.json,,,,,,,,,,
BRX-WT-MF-PACK-001,Bosch Rexroth Welding Tool for Metal Fabrication Packing Applications,weldingTool,Component,Bosch Rexroth,Bosch Rexroth AG,,Nein,UI,model_0065.json,,,,,,,,,,
SIEMENS-AW-DAT-2024-001,Siemens Arc Welding Dispensing Additive Tool,dispensingAdditiveTool,Component,Siemens,Siemens AG,,Nein,LLM,model_0067.json,,,,,,,,,,
BECKHOFF-AL3000-LIDAR-MED-001,Beckhoff AL3000 Series LiDAR Sensor,lidarSensor,Component,Beckhoff,Beckhoff Automation GmbH & Co. KG,,Nein,LLM,model_0072.json,,,,,,,,,,
TM-HX-WLD-2024-001,Techman Robot Hexapod Welding System,hexapod,Component,Techman Robot,Techman Robot Inc.,,Nein,LLM,model_0073.json,,,,,,,,,,
SCH-MCS-PLT-2024-001,Schunk PalletMaster Pro Motion Control Software,motionControlSoftware,Component,,Schunk GmbH,,Nein,UI,model_0075.json,,,,,,,,,,
RA-HX-WLD-2024-001,Rockwell Automation Hexapod Welding System,hexapod,Component,Rockwell Automation,Rockwell Automation,,Nein,LLM,model_0085.json,,,,,,,,,,
FANUC-SWIT-2024-001,FANUC Spot Welding Inspection Tool,measuringInspectionTool,Component,FANUC,FANUC Corporation,,Nein,LLM,model_0086.json,,,,,,,,,,
SICK-CART-BP-2024-001,SICK AG Bin Picking Cartesian Robot System,cartesian,Component,SICK AG,SICK AG,,Nein,LLM,model_0095.json,,,,,,,,,,
FANUC-AI-PACK-PLASTICS-1.0,FANUC AI Analytics Software for Plastics Processing Packing,aiAnalyticsSoftware,Service,,FANUC Corporation,,Nein,UI,model_0099.json,,,,,,,,,,
KEY-WELD-AERO-PACK-001,Keyence Aerospace Welding Tool for Packing Applications,weldingTool,Component,Keyence,Keyence Corporation,,Nein,Manuell,model_0100.json,,,,,,,,,,
BR-DELTA-BP-2024-001,Bosch Rexroth Delta Robot Bin Picking System,delta,Component,Bosch Rexroth,Bosch Rexroth AG,,Nein,LLM,model_0101.json,,,,,,,,,,
DENSO-IPC-AUTO-ASSEMBLY-2024,Denso Wave IPC Controller for Automotive Assembly Systems,ipc,Component,Denso Wave,Denso Wave Incorporated,,Nein,LLM,model_0104.json,,,,,,,,,,
SICK-DAT-FB-PLT-001,SICK AG Dispensing Additive Tool for Palletizing Applications,dispensingAdditiveTool,Component,SICK AG,SICK AG,,Nein,UI,model_0105.json,,,,,,,,,,
BECKHOFF-ART-PACK-2024-001,Beckhoff Articulated Robot Packing System,articulated,Component,Beckhoff,Beckhoff Automation GmbH & Co. KG,,Nein,LLM,model_0106.json,,,,,,,,,,
EPS-GPFT-AUTO-PACK-001,Epson Robotics Grinding/Polishing/Finishing Tool for Automotive Packing Applications,grindingPolishingFinishingTool,Component,Epson Robotics,Epson Robotics,,Nein,LLM,model_0109.json,,,,,,,,,,
ABB-MCS-PMT-2024,ABB Robotics Motion Control Software for Plastics Processing Machine Tending,motionControlSoftware,Component,,ABB Robotics,,Nein,LLM,model_0110.json,,,,,,,,,,
TCV-MEDPACK-4.5,Beckhoff TwinCAT Vision for Medical Device Packing,perceptionVisionSoftware,Component,,Beckhoff Automation GmbH & Co. KG,,Nein,UI,model_0114.json,,,,,,,,,,
RA-ENC-FB-PACK-001,Rockwell Automation Encoder for Food and Beverage Packing Applications,encoder,Component,Rockwell Automation,"Rockwell Automation, Inc.",,Nein,LLM,model_0115.json,,,,,,,,,,
SICK-VPP-LOG-2024,SICK Visionary Pick-and-Place Perception Software,perceptionVisionSoftware,Component,,SICK AG,,Nein,UI,model_0132.json,,,,,,,,,,
FANUC-SWS-AUTO-001,FANUC Spot Welding Service for Automotive Assembly,Service,Service,,FANUC Corporation,,Nein,UI,model_0133.json,,,,,,,,,,
SCH-SIM-BP-DT-2024-1,Schunk Bin Picking Simulation Digital Twin Software,simulationDigitalTwinSoftware,Service,,Schunk GmbH,,Nein,LLM,model_0134.json,,,,,,,,,,
KEY-IM-7000-INERTIAL-2024,Keyence IM-7000 Series Inertial Sensor,inertialSensor,Component,Keyence,Keyence Corporation,,Nein,LLM,model_0135.json,,,,,,,,,,
YM-AGV-PLT-REN-2024-001,Yaskawa Motoman AGV Palletizing System for Renewable Energy Applications,agv,Component,Yaskawa Motoman,Yaskawa Motoman,,Nein,LLM,model_0136.json,,,,,,,,,,
IFM-CYL-WLD-2024-001,IFM Electronic Cylindrical Robotic Welding System,cylindrical,Component,IFM Electronic,IFM Electronic GmbH,,Nein,LLM,model_0138.json,,,,,,,,,,
YM-WT-ASSEMBLY-001,Yaskawa Motoman Welding Tool for Assembly Applications,weldingTool,Component,Yaskawa Motoman,Yaskawa Motoman,,Nein,LLM,model_0139.json,,,,,,,,,,
WAGO-HXP-BP-2024-001,WAGO Hexapod Bin Picking System,hexapod,Component,WAGO,WAGO GmbH & Co. KG,,Nein,LLM,model_0140.json,,,,,,,,,,
TM-SIM-DT-PMT-001,Techman Robot Simulation Digital Twin Software for Plastics Processing Machine Tending,simulationDigitalTwinSoftware,Service,,Techman Robot,,Nein,LLM,model_0141.json,,,,,,,,,,
WAGO-LIDAR-RE-PNP-001,WAGO LIDAR Sensor for Renewable Energy Pick-and-Place Automation,lidarSensor,Component,WAGO,WAGO GmbH,,Nein,LLM,model_0142.json,,,,,,,,,,
BECK-TCVISION-ANALYTICS-V4.0,Beckhoff TwinCAT Vision Analytics Software,aiAnalyticsSoftware,Service,,Beckhoff Automation GmbH & Co. KG,,Nein,LLM,model_0147.json,,,,,,,,,,
ME-IPC-PHARM-PLT-2024,Mitsubishi Electric IPC Palletizing System for Pharmaceutical Applications,ipc,Component,Mitsubishi Electric,Mitsubishi Electric Corporation,,Nein,LLM,model_0148.json,,,,,,,,,,
SIEMENS-AERO-ASSEMBLY-DT-SIM-V1,Siemens Aerospace Assembly Simulation Digital Twin Software,simulationDigitalTwinSoftware,Service,,Siemens AG,,Nein,LLM,model_0149.json,,,,,,,,,,
UR-SIM-DT-ARCWELD-2024,Universal Robots Arc Welding Simulation Digital Twin Software,simulationDigitalTwinSoftware,Service,,Universal Robots A/S,,Nein,LLM,model_0150.json,,,,,,,,,,
BOSCH-REXROTH-AERO-BP-IOS-2024-001,Bosch Rexroth Aerospace Bin Picking Integration Orchestration System,integrationOrchestration,Service,,Bosch Rexroth AG,,Nein,LLM,model_0152.json,,,,,,,,,,
DENSO-GPFT-AW-2024-001,Denso Wave GrindingPolishingFinishingTool for Arc Welding Applications,grindingPolishingFinishingTool,Component,Denso Wave,Denso Wave Inc.,,Nein,LLM,model_0153.json,,,,,,,,,,
KEY-RV-PNP-SVC-2024,Keyence RV Series Vision-Guided Pick-and-Place Service,Service,Service,,Keyence Corporation,,Nein,UI,model_0154.json,,,,,,,,,,
UR-10e-CARTESIAN-MT-AUTO-2024,Universal Robots UR10e Cartesian Robot for Automotive Machine Tending,cartesian,Component,Universal Robots,Universal Robots A/S,,Nein,LLM,model_0155.json,,,,,,,,,,
ABB-IRC5-SW-FB-2024,ABB Robotics Spot Welding Controller IRC5,robotController,Component,ABB Robotics,ABB Robotics,,Nein,UI,model_0161.json,,,,,,,,,,
FANUC-ENC-R30iB-PHARMA-SW-001,FANUC R-30iB Encoder Unit for Spot Welding Applications,encoder,Component,FANUC,FANUC Corporation,,Nein,LLM,model_0162.json,,,,,,,,,,
KRC4-FB-ASSEMBLY-001,KUKA Robot Controller for Food and Beverage Assembly,robotController,Component,KUKA AG,KUKA AG,,Nein,UI,model_0169.json,,,,,,,,,,
ST-SW-GPF-2024-001,Stäubli Spot Welding Grinding/Polishing/Finishing Tool,grindingPolishingFinishingTool,Component,Staubli,Stäubli International AG,,Nein,LLM,model_0170.json,,,,,,,,,,
YM-AWE-ENC-2024-001,Yaskawa Motoman Arc Welding Encoder,encoder,Component,Yaskawa Motoman,Yaskawa Motoman,,Nein,UI,model_0173.json,,,,,,,,,,
RA-AWT-457B,Rockwell Automation Arc Welding Inspection Tool,measuringInspectionTool,Component,Rockwell Automation,Rockwell Automation,,Nein,LLM,model_0174.json,,,,,,,,,,
BRX-DELTA-SW-PP-001,Bosch Rexroth Delta Robot System for Spot Welding in Plastics Processing,delta,Component,Bosch Rexroth,Bosch Rexroth AG,,Nein,LLM,model_0175.json,,,,,,,,,,
KEY-HEX-PACK-REN-2024-001,Keyence Hexapod Robotic Packing System for Renewable Energy Applications,hexapod,Component,Keyence,Keyence Corporation,,Nein,LLM,model_0176.json,,,,,,,,,,
RA-LIDAR-FB-PP-001,Rockwell Automation LIDAR Sensor for Food and Beverage Pick-and-Place Applications,lidarSensor,Component,Rockwell Automation,Rockwell Automation,,Nein,LLM,model_0178.json,,,,,,,,,,
BRX-CYL-MED-QI-2024-001,Bosch Rexroth Cylindrical Component for Medical Device Quality Inspection,cylindrical,Component,Bosch Rexroth,Bosch Rexroth AG,,Nein,LLM,model_0179.json,,,,,,,,,,
TM-AMR-WLD-2024-001,Techman Robot AMR Arc Welding System,amr,Component,Techman Robot,Techman Robot,,Nein,LLM,model_0180.json,,,,,,,,,,
EPS-CYL-MT-2024-001,Epson Robotics Cylindrical Robot for Material Transport,cylindrical,Component,Epson Robotics,Epson Robotics,,Nein,LLM,model_0181.json,,,,,,,,,,
TM-DAT-FB-001,Techman Robot Dispensing Additive Tool for Food and Beverage Assembly,dispensingAdditiveTool,Component,Techman Robot,Techman Robot Inc.,,Nein,UI,model_0182.json,,,,,,,,,,
OMRON-AWIT-2024-001,Omron Arc Welding Inspection Tool,measuringInspectionTool,Component,Omron,Omron Corporation,,Nein,LLM,model_0183.json,,,,,,,,,,
KUKA-VS-PT-2024-1,KUKA VisionSuite Pharma Transport,perceptionVisionSoftware,Component,,KUKA AG,,Nein,LLM,model_0184.json,,,,,,,,,,
TMR-TM5D-900-FBA-001,Techman Robot TM5-900 Delta Robot Assembly System,delta,Component,Techman Robot,Techman Robot Inc.,,Nein,LLM,model_0187.json,,,,,,,,,,
SIEMENS-GRIP-AERO-ASM-001,Siemens Aerospace Assembly Gripper Tool,gripperTool,Component,Siemens,Siemens AG,,Nein,UI,model_0188.json,,,,,,,,,,
RA-IPC-SW-2024-001,Rockwell Automation Spot Welding IPC Component,ipc,Component,Rockwell Automation,"Rockwell Automation, Inc.",,Nein,LLM,model_0189.json,,,,,,,,,,
FANUC-FQIS-DTS-2024,FANUC Food Quality Inspection Simulation Digital Twin Software,simulationDigitalTwinSoftware,Service,,FANUC Corporation,,Nein,LLM,model_0194.json,,,,,,,,,,
WAGO-MCS-MT-2024,WAGO Motion Control Software for Material Transport,motionControlSoftware,Component,,WAGO GmbH & Co. KG,,Nein,UI,model_0195.json,,,,,,,,,,
RA-GPFT-SW-2024-001,Rockwell Automation Grinding/Polishing/Finishing Tool for Spot Welding,grindingPolishingFinishingTool,Component,Rockwell Automation,Rockwell Automation,,Nein,LLM,model_0196.json,,,,,,,,,,
RA-DAT-QI-2024-001,Rockwell Automation Dispensing Additive Tool for Quality Inspection,dispensingAdditiveTool,Component,Rockwell Automation,Rockwell Automation,,Nein,LLM,model_0201.json,,,,,,,,,,
KUKA-DAT-QI-001,KUKA AG Dispensing Additive Tool for Quality Inspection,dispensingAdditiveTool,Component,KUKA AG,KUKA AG,,Nein,LLM,model_0202.json,,,,,,,,,,
DENSO-WAVE-BIN-PICKING-PHARMA-2023,Denso Wave Bin Picking Dataset for Pharmaceutical Applications,Dataset,Dataset,,Denso Wave,,Nein,UI,model_0203.json,,,,,,,,,,
UR-MT-OS-2024-v3.7,UR10e Material Transport Operation Software,robotOperationSoftware,Component,,Universal Robots A/S,,Nein,LLM,model_0208.json,,,,,,,,,,
SCHUNK-BP-IPC-2024-001,Schunk GmbH Bin Picking IPC Component Specification,ipc,Component,Schunk GmbH,Schunk GmbH,,Nein,LLM,model_0209.json,,,,,,,,,,
ME-IS-QI-2024-001,Mitsubishi Electric Inertial Sensor for Quality Inspection,inertialSensor,Component,Mitsubishi Electric,Mitsubishi Electric Corporation,,Nein,LLM,model_0210.json,,,,,,,,,,
OMRON-CARTESIAN-PNP-MF-001,Omron Cartesian Robot for Metal Fabrication Pick-and-Place,cartesian,Component,Omron,Omron Corporation,,Nein,LLM,model_0211.json,,,,,,,,,,
UR-Hexapod-SW-Medical-001,Universal Robots Hexapod Spot Welding System,hexapod,Component,Universal Robots,Universal Robots,,Nein,LLM,model_0212.json,,,,,,,,,,
DWFTS-100-EM-2024,Denso Wave Force/Torque Sensor FTS-100 Series,forceTorqueSensor,Component,Denso Wave,Denso Wave Incorporated,,Nein,LLM,model_0218.json,,,,,,,,,,
SCH-SCARA-PLT-AUTO-001,Schunk SCARA Robot for Automotive Palletizing,scara,Component,Schunk GmbH,Schunk GmbH,,Nein,LLM,model_0219.json,,,,,,,,,,
SICK-CST-PP-MT-2024-001,SICK AG Cutting Separation Tool for Plastics Processing Material Transport,cuttingSeparationTool,Component,SICK AG,SICK AG,,Nein,UI,model_0220.json,,,,,,,,,,
FANUC-PSR-SW-FB-001,FANUC Polar Spherical Robot for Spot Welding in Food and Beverage Industry,polarSpherical,Component,FANUC,FANUC Corporation,,Nein,LLM,model_0221.json,,,,,,,,,,
TM-VS-QI-PP-001,Techman Robot Vision Sensor for Quality Inspection in Plastics Processing,visionSensor,Component,Techman Robot,Techman Robot Inc.,,Nein,LLM,model_0222.json,,,,,,,,,,
OMRON-AMR-PHI-QI-2024-001,Omron LD-250 Pharmaceutical Quality Inspection AMR,amr,Component,Omron,Omron Corporation,,Nein,LLM,model_0224.json,,,,,,,,,,
SICK-MCS-FB-ASSEMBLY-v2.1,SICK AG Motion Control Software for Food and Beverage Assembly,motionControlSoftware,Service,,SICK AG,,Nein,UI,model_0227.json,,,,,,,,,,
YM-RE-ASSEMBLY-DS-2024-001,Yaskawa Motoman Renewable Energy Assembly Dataset,Dataset,Dataset,,Yaskawa Motoman,,Nein,UI,model_0228.json,,,,,,,,,,
STB-RC-BP-FB-2024,Staubli Robot Controller for Bin Picking Applications,robotController,Component,Staubli,Stäubli International AG,,Nein,UI,model_0236.json,,,,,,,,,,
REX-DELTA-SW-ELEC-2024-001,Bosch Rexroth Delta Robot System for Spot Welding in Electronics Manufacturing,delta,Component,Bosch Rexroth,Bosch Rexroth AG,,Nein,LLM,model_0237.json,,,,,,,,,,
YM-AGV-PP-AUTO-001,Yaskawa Motoman AGV Pick-and-Place System for Automotive Assembly,agv,Component,Yaskawa Motoman,Yaskawa Motoman,,Nein,LLM,model_0238.json,,,,,,,,,,
FANUC-IPC-R2000iC210F-2024,FANUC R-2000iC/210F Industrial Robot Controller IPC,ipc,Component,FANUC,FANUC America Corporation,,Nein,LLM,model_0239.json,,,,,,,,,,
EPSON-IPC-PACK-MF-2024,Epson Robotics IPC Packing System for Metal Fabrication,ipc,Component,Epson Robotics,Epson Robotics,,Nein,LLM,model_0240.json,,,,,,,,,,
BRX-AERO-PP-ST-2024-001,Bosch Rexroth Aerospace Pick-and-Place Special Tool,specialTool,Component,Bosch Rexroth,Bosch Rexroth AG,,Nein,LLM,model_0246.json,,,,,,,,,,
RA-PSR-AT2024-MT001,Rockwell Automation Polar Spherical Robot for Automotive Machine Tending,polarSpherical,Component,Rockwell Automation,"Rockwell Automation, Inc.",,Nein,LLM,model_0247.json,,,,,,,,,,
IFM-ENC-PSW-2024-001,IFM Electronic Encoder for Pharmaceutical Spot Welding Applications,encoder,Component,IFM Electronic,IFM Electronic GmbH,,Nein,UI,model_0248.json,,,,,,,,,,
SICK-GT-ELEC-ASSEM-2024,SICK AG Gripper Tool for Electronics Assembly,gripperTool,Component,SICK AG,SICK AG,,Nein,Manuell,model_0254.json,,,,,,,,,,
RA-GT-AERO-BP-001,Rockwell Automation Aerospace Bin Picking Gripper Tool,gripperTool,Component,Rockwell Automation,Rockwell Automation,,Nein,UI,model_0255.json,,,,,,,,,,
BECKHOFF-DAT-PLASTICS-001,Beckhoff Dispensing Additive Tool for Plastics Processing,dispensingAdditiveTool,Component,Beckhoff,Beckhoff Automation GmbH & Co. KG,,Nein,LLM,model_0256.json,,,,,,,,,,
RA-DELTA-SW-FB-001,Rockwell Automation Delta Robot for Food and Beverage Spot Welding,delta,Component,Rockwell Automation,Rockwell Automation,,Nein,LLM,model_0257.json,,,,,,,,,,
BOSCH-IS-AW-2024-001,Bosch Rexroth Inertial Sensor for Arc Welding Applications,inertialSensor,Component,Bosch Rexroth,Bosch Rexroth AG,,Nein,UI,model_0263.json,,,,,,,,,,
KUKA-KR-QUANTEC-ARC-FB-2024,KUKA KR QUANTEC arc welding robot for food and beverage applications,cartesian,Component,KUKA AG,KUKA AG,,Nein,LLM,model_0264.json,,,,,,,,,,
EPS-HEX-QI-2024-001,Epson Robotics Hexapod System for Electronics Quality Inspection,hexapod,Component,Epson Robotics,Epson Robotics,,Nein,LLM,model_0265.json,,,,,,,,,,
WAGO-AERO-PALL-SPEC-TOOL-001,WAGO Aerospace Palletizing Special Tool,specialTool,Component,WAGO,WAGO GmbH,,Nein,UI,model_0266.json,,,,,,,,,,
SICK-IMU500-PLT-2024,SICK IMU-500 Inertial Sensor for Palletizing Applications,inertialSensor,Component,SICK AG,SICK AG,,Nein,LLM,model_0268.json,,,,,,,,,,
YM-AMR-PP-PH-001,Yaskawa Motoman AMR for Pharmaceutical Pick-and-Place Operations,amr,Component,Yaskawa Motoman,Yaskawa Motoman,,Nein,LLM,model_0269.json,,,,,,,,,,
ABB-PLC-REN-SW-001,ABB Robotics PLC for Renewable Energy Spot Welding Systems,plc,Component,ABB Robotics,ABB Robotics,,Nein,UI,model_0270.json,,,,,,,,,,
DENSO-GPFT-MEDBIN-2024-001,Denso Wave Grinding Polishing Finishing Tool for Medical Device Bin Picking,grindingPolishingFinishingTool,Component,Denso Wave,Denso Wave Incorporated,,Nein,LLM,model_0271.json,,,,,,,,,,
DENSO-GRIP-BIN-PHARMA-001,Denso Wave Pharmaceutical Bin Picking Gripper Tool,gripperTool,Component,Denso Wave,Denso Wave Incorporated,,Nein,UI,model_0274.json,,,,,,,,,,
ME-DELTA-PACK-PLASTICS-001,Mitsubishi Electric Delta Robot System for Plastics Packing,delta,Component,Mitsubishi Electric,Mitsubishi Electric Corporation,,Nein,LLM,model_0275.json,,,,,,,,,,
TM-HXP-BP-2024-001,Techman Robot Hexapod Bin Picking System,hexapod,Component,Techman Robot,Techman Robot Inc.,,Nein,LLM,model_0276.json,,,,,,,,,,
TM-DAT-REN-SW-001,Techman Robot Dispensing Additive Tool for Renewable Energy Spot Welding,dispensingAdditiveTool,Component,Techman Robot,Techman Robot,,Nein,LLM,model_0277.json,,,,,,,,,,
EPS-PLC-PHARM-PAL-2024-001,Epson Robotics PLC Palletizing System for Pharmaceutical Applications,plc,Component,Epson Robotics,Epson Robotics,,Nein,LLM,model_0278.json,,,,,,,,,,
OMRON-LD250-AMR-LOG-001,Omron LD-250 Autonomous Mobile Robot for Logistics and Warehousing,amr,Component,Omron,Omron Corporation,,Nein,LLM,model_0281.json,,,,,,,,,,
YM-AQIS-2024-001,Yaskawa Motoman Automotive Quality Inspection System,measuringInspectionTool,Component,Yaskawa Motoman,Yaskawa Motoman,,Nein,UI,model_0283.json,,,,,,,,,,
IFM-DELTA-AUTO-PNP-001,IFM Electronic Delta Robot for Automotive Assembly Pick-and-Place Operations,delta,Component,IFM Electronic,IFM Electronic GmbH,,Nein,LLM,model_0284.json,,,,,,,,,,
STB-RX160-GP-PHARMA-QI-2024,Staubli RX160 Grinding and Polishing Tool for Pharmaceutical Quality Inspection,grindingPolishingFinishingTool,Component,Staubli,Staubli International AG,,Nein,LLM,model_0289.json,,,,,,,,,,
KEY-SCARA-AW-PP-001,Keyence SCARA Robot System for Arc Welding in Plastics Processing,scara,Component,Keyence,Keyence Corporation,,Nein,LLM,model_0293.json,,,,,,,,,,
BRX-AI-PACK-2024-001,Bosch Rexroth AI Analytics Software for Pharmaceutical Packing,aiAnalyticsSoftware,Service,,Bosch Rexroth AG,,Nein,Manuell,model_0294.json,,,,,,,,,,
EPS-FQI-2023-D001,Epson Robotics Food Quality Inspection Dataset,Dataset,Dataset,,Epson Robotics,,Nein,UI,model_0300.json,,,,,,,,,,
ME-RVF-7F-DL-AERO-PNP-001,Mitsubishi Electric RV-F Series Articulated Robot for Aerospace Pick-and-Place Applications,articulated,Component,Mitsubishi Electric,Mitsubishi Electric Corporation,001,Ja,LLM,group_001/model_articulated.json,,,,,,,,,,
ME-DAT-APPA-001,Mitsubishi Electric Dispensing Additive Tool for Aerospace Pick-and-Place Applications,dispensingAdditiveTool,Component,Mitsubishi Electric,Mitsubishi Electric Corporation,001,Ja,LLM,group_001/model_dispensingAdditiveTool.json,,,,,,,,,,
ME-PSR-AERO-PNP-001,Mitsubishi Electric Polar Spherical Robot for Aerospace Pick-and-Place Applications,polarSpherical,Component,Mitsubishi Electric,Mitsubishi Electric Corporation,001,Ja,LLM,group_001/model_polarSpherical.json,,,,,,,,,,
ME-AERO-PNP-SW-2024-001,Mitsubishi Electric Aerospace Pick-and-Place Robot Operation Software,robotOperationSoftware,Component,,Mitsubishi Electric Corporation,001,Ja,LLM,group_001/model_robotOperationSoftware.json,,,,,,,,,,
ME-VS-AERO-PNP-2024,Mitsubishi Electric Vision Sensor for Aerospace Pick-and-Place Applications,visionSensor,Component,Mitsubishi Electric,Mitsubishi Electric Corporation,001,Ja,LLM,group_001/model_visionSensor.json,,,,,,,,,,
DENSO-WAVE-SW-2023-D001,Denso Wave Spot Welding Dataset for Electronics Manufacturing,Dataset,Dataset,,Denso Wave Incorporated,002,Ja,UI,group_002/model_Dataset.json,,,,,,,,,,
DENSO-AMR-SW-5000-2024,Denso Wave AMR-5000 Spot Welding Autonomous Mobile Robot,amr,Component,Denso Wave,Denso Wave Inc.,002,Ja,LLM,group_002/model_amr.json,,,,,,,,,,
DENSO-SW-MCS-V2.5.1,Denso Wave Spot Welding Motion Control Software,motionControlSoftware,Component,,Denso Wave Inc.,002,Ja,LLM,group_002/model_motionControlSoftware.json,,,,,,,,,,
DENSO-VISION-SW-2024-001,Denso Wave Vision Software for Spot Welding,perceptionVisionSoftware,Component,,Denso Wave Inc.,002,Ja,LLM,group_002/model_perceptionVisionSoftware.json,,,,,,,,,,
DENSO-SPOTWELD-TOOL-2024-V1,Denso Wave Spot Welding Tool Specification,specialTool,Component,Denso Wave,Denso Wave Inc.,002,Ja,UI,group_002/model_specialTool.json,,,,,,,,,,
RA-AGV-RENEW-ASSEM-001,Rockwell Automation AGV System for Renewable Energy Assembly,agv,Component,Rockwell Automation,Rockwell Automation,003,Ja,LLM,group_003/model_agv.json,,,,,,,,,,
RA-VPS-REN-ASM-2024,Rockwell Automation VisionPro Software for Renewable Energy Assembly,perceptionVisionSoftware,Component,,Rockwell Automation,003,Ja,LLM,group_003/model_perceptionVisionSoftware.json,,,,,,,,,,
ABB-SW-SVC-MF-2024-001,ABB Spot Welding Service for Metal Fabrication,Service,Service,,ABB Robotics,004,Ja,UI,group_004/model_Service.json,,,,,,,,,,
ABB-SW-AI-ANALYTICS-2024,ABB Robotics Spot Welding AI Analytics Software,aiAnalyticsSoftware,Service,,ABB Robotics,004,Ja,UI,group_004/model_aiAnalyticsSoftware.json,,,,,,,,,,
ABB-SW-DAT-2024-001,ABB Robotics Spot Welding Dispensing Additive Tool,dispensingAdditiveTool,Component,ABB Robotics,ABB Robotics,004,Ja,UI,group_004/model_dispensingAdditiveTool.json,,,,,,,,,,
ABB-SW-INT-ORCH-001,ABB Robotics Spot Welding Integration Orchestration System,integrationOrchestration,Service,,ABB Robotics,004,Ja,UI,group_004/model_integrationOrchestration.json,,,,,,,,,,
ABB-VWSW-2024-001,ABB VisionWare Spot Welding Vision System,perceptionVisionSoftware,Component,,ABB Robotics,004,Ja,LLM,group_004/model_perceptionVisionSoftware.json,,,,,,,,,,
FANUC-M710iC-50H-QI-2024,FANUC M-710iC/50H Articulated Robot for Quality Inspection,articulated,Component,FANUC,FANUC Corporation,005,Ja,LLM,group_005/model_articulated.json,,,,,,,,,,
FANUC-IPC-QI-LW-001,FANUC IPC Quality Inspection System for Logistics and Warehousing,ipc,Component,FANUC,FANUC Corporation,005,Ja,LLM,group_005/model_ipc.json,,,,,,,,,,
FANUC-LIDAR-QI-2024-001,FANUC LIDAR Sensor for Quality Inspection in Logistics,lidarSensor,Component,FANUC,FANUC Corporation,005,Ja,LLM,group_005/model_lidarSensor.json,,,,,,,,,,
FANUC-TPS-QI-2024-001,FANUC Tactile Proximity Sensor for Quality Inspection,tactileProximitySensor,Component,FANUC,FANUC Corporation,005,Ja,LLM,group_005/model_tactileProximitySensor.json,,,,,,,,,,
WAGO-AI-ANALYTICS-MT-001,WAGO AI Analytics Software for Automotive Material Transport,aiAnalyticsSoftware,Service,,WAGO GmbH & Co. KG,006,Ja,UI,group_006/model_aiAnalyticsSoftware.json,,,,,,,,,,
WAGO-ART-2024-MT001,WAGO Articulated Robot System for Automotive Material Transport,articulated,Component,WAGO,WAGO GmbH & Co. KG,006,Ja,LLM,group_006/model_articulated.json,,,,,,,,,,
WAGO-CYL-AUTO-TRANS-001,WAGO Cylindrical Automation Component for Automotive Material Transport,cylindrical,Component,WAGO,WAGO GmbH & Co. KG,006,Ja,LLM,group_006/model_cylindrical.json,,,,,,,,,,
WAGO-MIT-2024-001,WAGO Automotive Material Transport Measuring and Inspection Tool,measuringInspectionTool,Component,WAGO,WAGO GmbH & Co. KG,006,Ja,LLM,group_006/model_measuringInspectionTool.json,,,,,,,,,,
WAGO-WT-AMT-2024-001,WAGO Welding Tool for Automotive Assembly Material Transport,weldingTool,Component,WAGO,WAGO GmbH & Co. KG,006,Ja,LLM,group_006/model_weldingTool.json,,,,,,,,,,
IFM-AUTO-BP-INT-ORCH-001,IFM Electronic Automotive Bin Picking Integration Orchestration,integrationOrchestration,Service,,IFM Electronic GmbH,007,Ja,UI,group_007/model_integrationOrchestration.json,,,,,,,,,,
IFM-IPC-BP-AUTO-001,IFM Electronic IPC Bin Picking System for Automotive Assembly,ipc,Component,IFM Electronic,IFM Electronic GmbH,007,Ja,LLM,group_007/model_ipc.json,,,,,,,,,,
IFM-HEX-PSW-2024-001,IFM Electronic Hexapod Robotic System for Pharmaceutical Spot Welding,hexapod,Component,IFM Electronic,IFM Electronic GmbH,008,Ja,LLM,group_008/model_hexapod.json,,,,,,,,,,
IFM-O3D303-PHARMA-WELD-001,IFM Electronic O3D303 LiDAR Sensor for Pharmaceutical Spot Welding,lidarSensor,Component,IFM Electronic,IFM Electronic GmbH,008,Ja,LLM,group_008/model_lidarSensor.json,,,,,,,,,,
IFM-SW-ROB-2024-PHARMA,IFM Electronic Spot Welding Robot Operation Software,robotOperationSoftware,Service,,IFM Electronic GmbH,008,Ja,LLM,group_008/model_robotOperationSoftware.json,,,,,,,,,,
RA-ART-PHARM-PACK-001,Rockwell Automation Articulated Robot for Pharmaceutical Packing,articulated,Component,Rockwell Automation,Rockwell Automation,009,Ja,LLM,group_009/model_articulated.json,,,,,,,,,,
RA-PHARMAPACK-ROS-2024,Rockwell Automation PharmaPack Robot Operation Software,robotOperationSoftware,Component,,"Rockwell Automation, Inc.",009,Ja,LLM,group_009/model_robotOperationSoftware.json,,,,,,,,,,
RA-VS-PHARM-PACK-2024,Rockwell Automation Vision Sensor for Pharmaceutical Packing Applications,visionSensor,Component,Rockwell Automation,Rockwell Automation,009,Ja,UI,group_009/model_visionSensor.json,,,,,,,,,,
FANUC-DISP-ADT-PH2024,FANUC R-2000iC/210F Additive Dispensing Tool for Pharmaceutical Palletizing,dispensingAdditiveTool,Component,FANUC,FANUC Corporation,010,Ja,LLM,group_010/model_dispensingAdditiveTool.json,,,,,,,,,,
FANUC-IS-PHARMA-PALLET-2024,FANUC Inertial Sensor for Pharmaceutical Palletizing Systems,inertialSensor,Component,FANUC,FANUC Corporation,010,Ja,LLM,group_010/model_inertialSensor.json,,,,,,,,,,
FANUC-PHARM-PALLET-INTEG-ORCH-001,FANUC Pharmaceutical Palletizing Integration Orchestration System,integrationOrchestration,Service,,FANUC Corporation,010,Ja,LLM,group_010/model_integrationOrchestration.json,,,,,,,,,,
FANUC-PWT-2024-PHARM,FANUC Palletizing Welding Tool Component,weldingTool,Component,FANUC,FANUC Corporation,010,Ja,UI,group_010/model_weldingTool.json,,,,,,,,,,
BECKHOFF-EL5101-ENC-2024,Beckhoff EL5101 EtherCAT Incremental Encoder Interface,encoder,Component,Beckhoff,Beckhoff Automation GmbH & Co. KG,011,Ja,UI,group_011/model_encoder.json,,,,,,,,,,
BKHF-TC-PLC-REN-MT-2024-001,Beckhoff TwinCAT PLC for Renewable Energy Material Transport Systems,plc,Component,Beckhoff,Beckhoff Automation GmbH & Co. KG,011,Ja,LLM,group_011/model_plc.json,,,,,,,,,,
TM5-900-AMR-PNP-2024-Q2,Techman Robot TM5-900 AMR for Electronics Pick-and-Place,amr,Component,Techman Robot,Techman Robot Inc.,012,Ja,LLM,group_012/model_amr.json,,,,,,,,,,
TM-PPSW-2024-001,Techman Robot Pick-and-Place Motion Control Software,motionControlSoftware,Component,,Techman Robot,012,Ja,LLM,group_012/model_motionControlSoftware.json,,,,,,,,,,
TM-PSPP-2024-001,Techman Robot Polar Spherical Pick-and-Place System,polarSpherical,Component,Techman Robot,Techman Robot,012,Ja,LLM,group_012/model_polarSpherical.json,,,,,,,,,,
KUKA-AMR-MEDPAL-2024-001,KUKA AMR Palletizing System for Medical Devices,amr,Component,KUKA AG,KUKA AG,013,Ja,LLM,group_013/model_amr.json,,,,,,,,,,
KUKA-LIDAR-MEDPAL-2024-001,KUKA LIDAR Sensor for Medical Device Palletizing,lidarSensor,Component,KUKA AG,KUKA AG,013,Ja,LLM,group_013/model_lidarSensor.json,,,,,,,,,,
KUKA-PMS-2024-MED,KUKA.Palletizing Medical Software Suite,robotOperationSoftware,Service,,KUKA AG,013,Ja,LLM,group_013/model_robotOperationSoftware.json,,,,,,,,,,
KUKA-TPS-MEDPAL-2024-001,KUKA Tactile Proximity Sensor for Medical Device Palletizing,tactileProximitySensor,Component,KUKA AG,KUKA AG,013,Ja,LLM,group_013/model_tactileProximitySensor.json,,,,,,,,,,
SICK-MT-SVC-2024-001,SICK AG Machine Tending Automation Service,Service,Service,,SICK AG,014,Ja,Manuell,group_014/model_Service.json,,,,,,,,,,
SICK-CYL-MT-FB-001,SICK AG Cylindrical Sensor for Machine Tending in Food and Beverage,cylindrical,Component,SICK AG,SICK AG,014,Ja,LLM,group_014/model_cylindrical.json,,,,,,,,,,
SICK-GPFT-FBMT-2024-001,SICK AG Grinding Polishing Finishing Tool for Food and Beverage Machine Tending,grindingPolishingFinishingTool,Component,SICK AG,SICK AG,014,Ja,LLM,group_014/model_grindingPolishingFinishingTool.json,,,,,,,,,,
SCH-DELTA-FQI-2024-001,Schunk Delta Food Quality Inspection System,delta,Component,Schunk GmbH,Schunk GmbH,015,Ja,LLM,group_015/model_delta.json,,,,,,,,,,
SCH-LID-FB-QI-001,Schunk GmbH LIDAR Sensor for Food Quality Inspection,lidarSensor,Component,Schunk GmbH,Schunk GmbH,015,Ja,LLM,group_015/model_lidarSensor.json,,,,,,,,,,
SCH-PLC-FB-QI-2024-001,Schunk GmbH PLC System for Food Quality Inspection,plc,Component,Schunk GmbH,Schunk GmbH,015,Ja,UI,group_015/model_plc.json,,,,,,,,,,
SCH-FQIC-RC-2024-001,Schunk GmbH Food Quality Inspection Robot Controller,robotController,Component,Schunk GmbH,Schunk GmbH,015,Ja,LLM,group_015/model_robotController.json,,,,,,,,,,
SCH-FS-INSP-PRO-V2.1,Schunk FoodSafe Inspector Pro,robotOperationSoftware,Component,,Schunk GmbH,015,Ja,UI,group_015/model_robotOperationSoftware.json,,,,,,,,,,
WAGO-CYL-PLTZ-2024-001,WAGO Cylindrical Palletizing Robot System,cylindrical,Component,WAGO,WAGO GmbH & Co. KG,016,Ja,LLM,group_016/model_cylindrical.json,,,,,,,,,,
WAGO-DAT-MDP-001,WAGO Dispensing Additive Tool for Medical Device Palletizing,dispensingAdditiveTool,Component,WAGO,WAGO GmbH & Co. KG,016,Ja,LLM,group_016/model_dispensingAdditiveTool.json,,,,,,,,,,
identifier,title,perceptionVisionSoftware,Component,,publisher,016,Ja,Manuell,group_016/model_perceptionVisionSoftware.json,,,,,,,,,,
SICK-ENC-2024-QI-001,SICK AG Incremental Encoder for Quality Inspection Systems,encoder,Component,SICK AG,SICK AG,017,Ja,LLM,group_017/model_encoder.json,,,,,,,,,,
SICK-TIM5xx-QI-2024,SICK AG TIM5xx Series LiDAR Sensor for Quality Inspection,lidarSensor,Component,SICK AG,SICK AG,017,Ja,LLM,group_017/model_lidarSensor.json,,,,,,,,,,
SICK-CYL-MT-RE-2024-001,SICK AG Cylindrical Sensor for Machine Tending in Renewable Energy Applications,cylindrical,Component,SICK AG,SICK AG,018,Ja,LLM,group_018/model_cylindrical.json,,,,,,,,,,
SICK-REN-MT-INTORCH-001,SICK AG Renewable Energy Machine Tending Integration Orchestration,integrationOrchestration,Service,,SICK AG,018,Ja,UI,group_018/model_integrationOrchestration.json,,,,,,,,,,
SCH-ARCWELD-INTORCH-001,Schunk GmbH Arc Welding Integration Orchestration System,integrationOrchestration,Service,,Schunk GmbH,019,Ja,LLM,group_019/model_integrationOrchestration.json,,,,,,,,,,
SCH-AW-PLAST-2024-001,Schunk Arc Welding Special Tool for Plastics Processing,specialTool,Component,Schunk GmbH,Schunk GmbH,019,Ja,Manuell,group_019/model_specialTool.json,,,,,,,,,,
OMN-AMR-SW-250-001,Omron LD-250 AMR for Spot Welding Applications,amr,Component,Omron,Omron Corporation,020,Ja,LLM,group_020/model_amr.json,,,,,,,,,,
OMRON-FTS-7-2024-A,Omron FTS-7 Series Force Torque Sensor,forceTorqueSensor,Component,Omron,Omron Corporation,020,Ja,LLM,group_020/model_forceTorqueSensor.json,,,,,,,,,,
OMRON-IPC-SW-2024-001,Omron IPC Spot Welding Controller Technical Specifications,ipc,Component,Omron,Omron Corporation,020,Ja,LLM,group_020/model_ipc.json,,,,,,,,,,
OMRON-LD-250-PS-WELD,Omron LD-250 LiDAR Sensor for Spot Welding Applications,lidarSensor,Component,Omron,Omron Corporation,020,Ja,LLM,group_020/model_lidarSensor.json,,,,,,,,,,
OMRON-FH-SMD-SW-2024,Omron FH-SMD Series Vision System for Spot Welding Applications,perceptionVisionSoftware,Component,,Omron Corporation,020,Ja,LLM,group_020/model_perceptionVisionSoftware.json,,,,,,,,,,
RA-AI-PICKPLACE-V2.5,Rockwell Automation AI Analytics Software for Pick-and-Place Applications,aiAnalyticsSoftware,Service,,"Rockwell Automation, Inc.",021,Ja,LLM,group_021/model_aiAnalyticsSoftware.json,,,,,,,,,,
RA-CART-PNP-FB-001,Rockwell Automation Cartesian Robot for Food and Beverage Pick-and-Place Applications,cartesian,Component,Rockwell Automation,Rockwell Automation,021,Ja,LLM,group_021/model_cartesian.json,,,,,,,,,,
ABB-CYL-AERO-PALL-001,ABB Robotics Cylindrical Robot for Aerospace Palletizing,cylindrical,Component,ABB Robotics,ABB Robotics,022,Ja,UI,group_022/model_cylindrical.json,,,,,,,,,,
ABB-LIDAR-AERO-PALLET-001,ABB Robotics LIDAR Sensor for Aerospace Palletizing,lidarSensor,Component,ABB Robotics,ABB Robotics,022,Ja,UI,group_022/model_lidarSensor.json,,,,,,,,,,
ABB-WT-AERO-PAL-001,ABB Welding Tool for Aerospace Palletizing,weldingTool,Component,ABB Robotics,ABB Robotics,022,Ja,UI,group_022/model_weldingTool.json,,,,,,,,,,
SCH-CART-PHARM-2024-001,Schunk GmbH Cartesian Robot for Pharmaceutical Palletizing,cartesian,Component,Schunk GmbH,Schunk GmbH,023,Ja,LLM,group_023/model_cartesian.json,,,,,,,,,,
SCH-DELTA-PHARMA-PALL-001,Schunk GmbH Delta Robot Palletizing System,delta,Component,Schunk GmbH,Schunk GmbH,023,Ja,LLM,group_023/model_delta.json,,,,,,,,,,
SCH-GPFT-PHARMA-PALL-001,Schunk GmbH Grinding/Polishing/Finishing Tool for Pharmaceutical Palletizing,grindingPolishingFinishingTool,Component,Schunk GmbH,Schunk GmbH,023,Ja,LLM,group_023/model_grindingPolishingFinishingTool.json,,,,,,,,,,
SCH-PH-INSP-TOOL-2024-001,Schunk Pharma-Grade Palletizing Inspection Tool,measuringInspectionTool,Component,Schunk GmbH,Schunk GmbH,023,Ja,LLM,group_023/model_measuringInspectionTool.json,,,,,,,,,,
SCH-VS-PHARMA-PALL-001,Schunk Vision Sensor for Pharmaceutical Palletizing,visionSensor,Component,Schunk GmbH,Schunk GmbH,023,Ja,LLM,group_023/model_visionSensor.json,,,,,,,,,,
KEY-AERO-ASSEMBLY-AI-V2,Keyence Aerospace Assembly Analytics Suite,aiAnalyticsSoftware,Service,,Keyence Corporation,024,Ja,UI,group_024/model_aiAnalyticsSoftware.json,,,,,,,,,,
KEY-ENC-IL-S100-AERO-ASSY,Keyence IL-S100 High-Precision Rotary Encoder,encoder,Component,Keyence,Keyence Corporation,024,Ja,UI,group_024/model_encoder.json,,,,,,,,,,
KEY-GRIP-AERO-ASM-2024,Keyence Gripper Tool for Aerospace Assembly,gripperTool,Component,Keyence,Keyence Corporation,024,Ja,UI,group_024/model_gripperTool.json,,,,,,,,,,
YM-CRT-LOG-PP-2024-001,Yaskawa Motoman Cartesian Robot for Logistics Pick-and-Place Operations,cartesian,Component,Yaskawa Motoman,Yaskawa Motoman,025,Ja,LLM,group_025/model_cartesian.json,,,,,,,,,,
YM-CST-PP-2024-001,Yaskawa Motoman Cutting Separation Tool for Pick-and-Place Operations,cuttingSeparationTool,Component,Yaskawa Motoman,Yaskawa Motoman,025,Ja,LLM,group_025/model_cuttingSeparationTool.json,,,,,,,,,,
YM-PLC-PNP-LOG-001,Yaskawa Motoman PLC for Pick-and-Place Automation in Logistics,plc,Component,Yaskawa Motoman,Yaskawa Motoman,025,Ja,UI,group_025/model_plc.json,,,,,,,,,,
EPS-AMR-MT-2024-001,Epson Robotics AMR Material Transport System,amr,Component,Epson Robotics,Epson Robotics,026,Ja,UI,group_026/model_amr.json,,,,,,,,,,
EPS-CST-AMT-2024,Epson Robotics Cutting Separation Tool for Automotive Material Transport,cuttingSeparationTool,Component,Epson Robotics,Epson Robotics,026,Ja,LLM,group_026/model_cuttingSeparationTool.json,,,,,,,,,,
EPS-GT-AUTO-2024-001,Epson Robotics Gripper Tool for Automotive Material Transport,gripperTool,Component,Epson Robotics,Epson Robotics,026,Ja,UI,group_026/model_gripperTool.json,,,,,,,,,,
EPS-PSR-AT2024-MT001,Epson Polar Spherical Robot System for Automotive Material Transport,polarSpherical,Component,Epson Robotics,Epson Robotics,026,Ja,LLM,group_026/model_polarSpherical.json,,,,,,,,,,
EPS-WLD-AUTO-TRANS-001,Epson Robotics Welding Tool for Automotive Material Transport,weldingTool,Component,Epson Robotics,Epson Robotics,026,Ja,Manuell,group_026/model_weldingTool.json,,,,,,,,,,
ME-BPSW-2024-1,Mitsubishi Electric Bin Picking Motion Control Software,motionControlSoftware,Component,,Mitsubishi Electric Corporation,027,Ja,LLM,group_027/model_motionControlSoftware.json,,,,,,,,,,
ME-RC-FB-BP-2024,Mitsubishi Electric Robot Controller for Food and Beverage Bin Picking,robotController,Component,Mitsubishi Electric,Mitsubishi Electric Corporation,027,Ja,LLM,group_027/model_robotController.json,,,,,,,,,,
SICK-CYL-AW-AS-001,SICK AG Cylindrical Robotic Arc Welding System for Aerospace Applications,cylindrical,Component,SICK AG,SICK AG,028,Ja,LLM,group_028/model_cylindrical.json,,,,,,,,,,
SICK-DELTA-AW-2024-001,SICK AG Delta Series Robotic Arc Welding System,delta,Component,SICK AG,SICK AG,028,Ja,LLM,group_028/model_delta.json,,,,,,,,,,
SICK-AST-2024-AW001,SICK AG Arc Welding Special Tool,specialTool,Component,SICK AG,SICK AG,028,Ja,UI,group_028/model_specialTool.json,,,,,,,,,,
ME-CYL-SW-FB-001,Mitsubishi Electric Cylindrical Robot for Spot Welding in Food and Beverage Industry,cylindrical,Component,Mitsubishi Electric,Mitsubishi Electric Corporation,029,Ja,LLM,group_029/model_cylindrical.json,,,,,,,,,,
ME-SCARA-SW-FB-001,Mitsubishi Electric SCARA Robot for Spot Welding in Food and Beverage Industry,scara,Component,Mitsubishi Electric,Mitsubishi Electric Corporation,029,Ja,LLM,group_029/model_scara.json,,,,,,,,,,
BOSCH-ARTIC-QUAL-INSP-2024-001,Bosch Rexroth Articulated Robot for Pharmaceutical Quality Inspection,articulated,Component,Bosch Rexroth,Bosch Rexroth AG,030,Ja,LLM,group_030/model_articulated.json,,,,,,,,,,
BR-HXP-PHARMA-QI-2024,Bosch Rexroth Hexapod System for Pharmaceutical Quality Inspection,hexapod,Component,Bosch Rexroth,Bosch Rexroth AG,030,Ja,LLM,group_030/model_hexapod.json,,,,,,,,,,
BOS-LIDAR-PHARMA-QI-2024,Bosch Rexroth LIDAR Sensor for Pharmaceutical Quality Inspection,lidarSensor,Component,Bosch Rexroth,Bosch Rexroth AG,030,Ja,LLM,group_030/model_lidarSensor.json,,,,,,,,,,
BR-PH-SAT-QI-001,Bosch Rexroth Screwing Assembly Tool for Pharmaceutical Quality Inspection,screwingAssemblyTool,Component,Bosch Rexroth,Bosch Rexroth AG,030,Ja,LLM,group_030/model_screwingAssemblyTool.json,,,,,,,,,,
RA-AW-SVC-001,Rockwell Automation Arc Welding Service for Aerospace Applications,Service,Service,,Rockwell Automation,031,Ja,UI,group_031/model_Service.json,,,,,,,,,,
RA-IS-AW-2024-001,Rockwell Automation Inertial Sensor for Aerospace Arc Welding,inertialSensor,Component,Rockwell Automation,Rockwell Automation,031,Ja,UI,group_031/model_inertialSensor.json,,,,,,,,,,
RA-AMCS-AW-2024,Rockwell Automation Arc Welding Motion Control Software,motionControlSoftware,Component,,Rockwell Automation,031,Ja,LLM,group_031/model_motionControlSoftware.json,,,,,,,,,,
RA-AW-ST-2024-001,Rockwell Automation Arc Welding Special Tool,specialTool,Component,Rockwell Automation,Rockwell Automation,031,Ja,LLM,group_031/model_specialTool.json,,,,,,,,,,
IFM-AERO-ASSEMBLY-DS-2023-001,IFM Electronic Aerospace Assembly Dataset,Dataset,Dataset,,IFM Electronic GmbH,032,Ja,UI,group_032/model_Dataset.json,,,,,,,,,,
IFM-HEX-ASM-AERO-2024,IFM Electronic Hexapod Robotic Assembly System,hexapod,Component,IFM Electronic,IFM Electronic GmbH,032,Ja,LLM,group_032/model_hexapod.json,,,,,,,,,,
IFM-IS-AERO-ASSEM-001,IFM Electronic Inertial Sensor for Aerospace Assembly,inertialSensor,Component,IFM Electronic,IFM Electronic GmbH,032,Ja,UI,group_032/model_inertialSensor.json,,,,,,,,,,
IFM-MCS-AERO-ASSEMBLY-V2.5,IFM Electronic Aerospace Assembly Motion Control Software,motionControlSoftware,Component,,IFM Electronic GmbH,032,Ja,LLM,group_032/model_motionControlSoftware.json,,,,,,,,,,
DENSO-CYL-PLT-2024-001,Denso Wave Palletizing Cylindrical Robot Specification,cylindrical,Component,Denso Wave,Denso Wave Incorporated,033,Ja,LLM,group_033/model_cylindrical.json,,,,,,,,,,
DENSO-LIDAR-AMR2000-PLT-2024A,Denso Wave AMR-2000 LiDAR Sensor for Palletizing Applications,lidarSensor,Component,Denso Wave,Denso Wave Incorporated,033,Ja,LLM,group_033/model_lidarSensor.json,,,,,,,,,,
DW-PSP-2024-001,Denso Wave Polar Spherical Palletizing Robot System Specification,polarSpherical,Component,Denso Wave,Denso Wave Incorporated,033,Ja,LLM,group_033/model_polarSpherical.json,,,,,,,,,,
DENSO-PALLET-SW-2024,Denso Wave Palletizing Robot Operation Software,robotOperationSoftware,Component,,Denso Wave Incorporated,033,Ja,LLM,group_033/model_robotOperationSoftware.json,,,,,,,,,,
YM-MPP3H-DAT-001,Yaskawa Motoman MPP3H Dispensing Additive Tool,dispensingAdditiveTool,Component,Yaskawa Motoman,Yaskawa Motoman,034,Ja,LLM,group_034/model_dispensingAdditiveTool.json,,,,,,,,,,
YM-PSR-AERO-MT-001,Yaskawa Motoman Polar Spherical Robot for Aerospace Material Transport,polarSpherical,Component,Yaskawa Motoman,Yaskawa Motoman,034,Ja,LLM,group_034/model_polarSpherical.json,,,,,,,,,,
YM-SCARA-AERO-MT-001,Yaskawa Motoman SCARA Robot for Aerospace Material Transport,scara,Component,Yaskawa Motoman,Yaskawa Motoman,034,Ja,UI,group_034/model_scara.json,,,,,,,,,,
IFM-ART-MEDPAL-001,IFM Electronic Articulated Robot for Medical Device Palletizing,articulated,Component,IFM Electronic,IFM Electronic GmbH,035,Ja,UI,group_035/model_articulated.json,,,,,,,,,,
IFM-HEX-PLT-MED-2024-001,IFM Electronic Hexapod Palletizing System,hexapod,Component,IFM Electronic,IFM Electronic GmbH,035,Ja,LLM,group_035/model_hexapod.json,,,,,,,,,,
IFM-RC-MEDPAL-001,IFM Electronic Robot Controller for Medical Device Palletizing,robotController,Component,IFM Electronic,IFM Electronic GmbH,035,Ja,Manuell,group_035/model_robotController.json,,,,,,,,,,
OMRON-EM-MTS-2024-001,Omron Electronics Manufacturing Material Transport Service,Service,Service,,Omron Corporation,036,Ja,UI,group_036/model_Service.json,,,,,,,,,,
OMRON-CYL-ELEC-TRANS-001,Omron Cylindrical Robot for Electronics Material Transport,cylindrical,Component,Omron,Omron Corporation,036,Ja,UI,group_036/model_cylindrical.json,,,,,,,,,,
OMRON-PLC-MT-EM-001,Omron PLC for Material Transport in Electronics Manufacturing,plc,Component,Omron,Omron Corporation,036,Ja,Manuell,group_036/model_plc.json,,,,,,,,,,
OMRON-SAT-EMT-2024-001,Omron Screwing Assembly Tool for Electronics Manufacturing Transport,screwingAssemblyTool,Component,Omron,Omron Corporation,036,Ja,UI,group_036/model_screwingAssemblyTool.json,,,,,,,,,,
ABB-AMR-AUTO-ASSEMBLY-001,ABB Robotics AMR for Automotive Assembly,amr,Component,ABB Robotics,ABB Robotics,037,Ja,UI,group_037/model_amr.json,,,,,,,,,,
RA-FTS-AERO-PAL-001,Rockwell Automation Force/Torque Sensor for Aerospace Palletizing,forceTorqueSensor,Component,Rockwell Automation,Rockwell Automation,038,Ja,LLM,group_038/model_forceTorqueSensor.json,,,,,,,,,,
RA-AMPS-PLT-2024,Rockwell Automation Aerospace Palletizing Motion Control Software,motionControlSoftware,Component,,"Rockwell Automation, Inc.",038,Ja,LLM,group_038/model_motionControlSoftware.json,,,,,,,,,,
RA-AERO-PALLET-SW-2024,Rockwell Automation Aerospace Palletizing Robot Operation Software,robotOperationSoftware,Service,,Rockwell Automation,038,Ja,UI,group_038/model_robotOperationSoftware.json,,,,,,,,,,
RA-SAT-747-AERO-PAL,Rockwell Automation Screwing Assembly Tool for Aerospace Palletizing,screwingAssemblyTool,Component,Rockwell Automation,"Rockwell Automation, Inc.",038,Ja,UI,group_038/model_screwingAssemblyTool.json,,,,,,,,,,
